{"fvu/layers.24":0.1228947713971138,"dead_pct/layers.7":0,"dead_pct/layers.2":0,"dead_pct/layers.8":0,"k":32,"dead_pct/layers.27":0,"fvu/layers.27":0.19136959314346313,"_timestamp":1.7593553294852498e+09,"fvu/layers.19":0.08420701324939728,"dead_pct/layers.0":0,"dead_pct/layers.9":0,"fvu/layers.3":0.1965721994638443,"fvu/layers.0":0.15567655861377716,"fvu/layers.5":0.2389615923166275,"dead_pct/layers.18":0,"fvu/layers.12":0.08010628819465637,"fvu/layers.8":0.26090189814567566,"fvu/layers.11":0.07469537854194641,"dead_pct/layers.23":0,"fvu/layers.16":0.07727841287851334,"dead_pct/layers.1":0,"fvu/layers.23":0.10499562323093414,"fvu/layers.15":0.09167834371328354,"fvu/layers.25":0.1260356307029724,"dead_pct/layers.19":0,"dead_pct/layers.11":0,"fvu/layers.7":0.2538994252681732,"dead_pct/layers.21":0,"dead_pct/layers.25":0,"dead_pct/layers.28":0,"dead_pct/layers.4":0,"_wandb":{"runtime":71},"dead_pct/layers.22":0,"fvu/layers.28":0.3741503357887268,"dead_pct/layers.13":0,"fvu/layers.20":0.1039213091135025,"dead_pct/layers.14":0,"dead_pct/layers.24":0,"dead_pct/layers.12":0,"dead_pct/layers.15":0,"dead_pct/layers.6":0,"dead_pct/layers.20":0,"fvu/layers.9":0.26707130670547485,"fvu/layers.4":0.2211064249277115,"dead_pct/layers.17":0,"fvu/layers.17":0.07763425260782242,"fvu/layers.29":0.31118255853652954,"dead_pct/layers.16":0,"_step":31,"dead_pct/layers.26":0,"dead_pct/layers.5":0,"dead_pct/layers.3":0,"fvu/layers.10":0.26687532663345337,"dead_pct/layers.10":0,"fvu/layers.26":0.13392804563045502,"fvu/layers.22":0.09369516372680664,"fvu/layers.18":0.10769753158092499,"dead_pct/layers.29":0,"_runtime":71.962417256,"fvu/layers.6":0.25152480602264404,"fvu/layers.21":0.08441128581762314,"fvu/layers.1":0.1833340972661972,"fvu/layers.2":0.16648869216442108,"fvu/layers.13":0.07312633842229843,"fvu/layers.14":0.074745774269104}